Mockler Lab Box ID,Genotype,Collection_location,Ploidy,Latitude (DMS),Longitude (DMS),Latitude,Longitude,Elevation,Citation,For seeds contact,,,,,,,,,,
1,Bd1-1,Turkey,diploid,39°11'N,27°37'E,39.183333,27.616667,165,1,David Garvin (David.Garvin@ars.usda.gov),"5642395: 39.18750,27.60417",lat/long from Des Marais et al 2017,https://www.latlong.net/degrees-minutes-seconds-to-decimal-degrees,,,,,,,
2,Bd2-3,Iraq,diploid,na,na,,,na,1,David Garvin (David.Garvin@ars.usda.gov),,,https://www.advancedconverter.com/map-tools/find-altitude-by-coordinates,,,,,,,
3,Bd3-1,Iraq,diploid,"34°0'0""N","43°46'0""E",34.000000,43.766667,61,1,David Garvin (David.Garvin@ars.usda.gov),"NA, closest was 28 or 39 for lat",lat/long from https://npgsweb.ars-grin.gov/gringlobal/accessiondetail.aspx?id=1159883,,,,,,,,
4,Bd3-2,Iraq,diploid,na,na,,,na,1,David Garvin (David.Garvin@ars.usda.gov),,,,,,,,,,
5,Bd18-1,Turkey,diploid,na,na,,,na,1,David Garvin (David.Garvin@ars.usda.gov),,"Kaman Kirschir Province, https://npgsweb.ars-grin.gov/gringlobal/accessiondetail.aspx?id=1189518 ",,,,,,,,
6,Bd21-0,Iraq,diploid,"36°11'28""N","44°0'33""E",36.191111,44.009167,424,1,David Garvin (David.Garvin@ars.usda.gov),"NA, closest was 28 or 39 for lat",lat/long from Des Marais et al 2017,,,,,,,,
7,Bd21-3,Iraq,diploid,"36°11'28""N","44°0'33""E",36.191111,44.009167,424,2,John Vogel (John.Vogel@ars.usda.gov),"NA, closest was 28 or 39 for lat",lat/long from Des Marais et al 2017,,,,,,,,
8,Bd29-1,Ukraine,diploid,na,na,,,na,1,David Garvin (David.Garvin@ars.usda.gov),,,,,,,,,,
9,Bd30-1,Spain,diploid,37°4'N,03°36'W,37.066667,-3.600000,923,1,David Garvin (David.Garvin@ars.usda.gov),,lat/long from Des Marais et al 2017,,,,,,,,
10,Adi-1,"Adiyaman, Turkey",diploid,"37° 46' 14.5""N","38° 21' 8.2""E",37.770556,38.352222,510,3,John Vogel (John.Vogel@ars.usda.gov),"4690477: 37.77083, 38.35417",,,,,,,,,
11,Adi-2,"Adiyaman, Turkey",diploid,"37° 46' 14.5""N","38° 21' 8.2""E",37.770556,38.352222,510,3,John Vogel (John.Vogel@ars.usda.gov),"4690477: 37.77083, 38.35417",,,,,,,,,
12,Adi-3,"Adiyaman, Turkey",diploid,"37° 46' 14.5""N","38° 21' 8.2""E",37.770556,38.352222,510,3,John Vogel (John.Vogel@ars.usda.gov),"4690477: 37.77083, 38.35417",,,,,,,,,
13,Adi-4,"Adiyaman, Turkey",diploid,"37° 46' 14.5""N","38° 21' 8.2""E",37.770556,38.352222,510,3,John Vogel (John.Vogel@ars.usda.gov),"4690477: 37.77083, 38.35417",,,,,,,,,
14,Adi-5,"Adiyaman, Turkey",diploid,"37° 46' 14.5""N","38° 21' 8.2""E",37.770556,38.352222,510,3,John Vogel (John.Vogel@ars.usda.gov),"4690477: 37.77083, 38.35417",,,,,,,,,
15,Adi-6,"Adiyaman, Turkey",diploid,"37° 46' 14.5""N","38° 21' 8.2""E",37.770556,38.352222,510,3,John Vogel (John.Vogel@ars.usda.gov),"4690477: 37.77083, 38.35417",,,,,,,,,
16,Adi-7,"Adiyaman, Turkey",diploid,"37° 46' 14.5""N","38° 21' 8.2""E",37.770556,38.352222,510,3,John Vogel (John.Vogel@ars.usda.gov),"4690477: 37.77083, 38.35417",,,,,,,,,
17,Adi-8,"Adiyaman, Turkey",diploid,"37° 46' 14.5""N","38° 21' 8.2""E",37.770556,38.352222,510,3,John Vogel (John.Vogel@ars.usda.gov),"4690477: 37.77083, 38.35417",,,,,,,,,
18,Adi-9,"Adiyaman, Turkey",diploid,"37° 46' 14.5""N","38° 21' 8.2""E",37.770556,38.352222,510,3,John Vogel (John.Vogel@ars.usda.gov),"4690477: 37.77083, 38.35417",,,,,,,,,
19,Adi-10,"Adiyaman, Turkey",diploid,"37° 46' 14.5""N","38° 21' 8.2""E",37.770556,38.352222,510,3,John Vogel (John.Vogel@ars.usda.gov),"4690477: 37.77083, 38.35417",,,,,,,,,
20,Adi-11,"Adiyaman, Turkey",diploid,"37° 46' 14.5""N","38° 21' 8.2""E",37.770556,38.352222,510,3,John Vogel (John.Vogel@ars.usda.gov),"4690477: 37.77083, 38.35417",,,,,,,,,
21,Adi-12,"Adiyaman, Turkey",diploid,"37° 46' 14.5""N","38° 21' 8.2""E",37.770556,38.352222,510,3,John Vogel (John.Vogel@ars.usda.gov),"4690477: 37.77083, 38.35417",,,,,,,,,
22,Adi-13,"Adiyaman, Turkey",diploid,"37° 46' 14.5""N","38° 21' 8.2""E",37.770556,38.352222,510,3,John Vogel (John.Vogel@ars.usda.gov),"4690477: 37.77083, 38.35417",,,,,,,,,
23,Adi-14,"Adiyaman, Turkey",diploid,"37° 46' 14.5""N","38° 21' 8.2""E",37.770556,38.352222,510,3,John Vogel (John.Vogel@ars.usda.gov),"4690477: 37.77083, 38.35417",,,,,,,,,
24,Adi-15,"Adiyaman, Turkey",diploid,"37° 46' 14.5""N","38° 21' 8.2""E",37.770556,38.352222,510,3,John Vogel (John.Vogel@ars.usda.gov),"4690477: 37.77083, 38.35417",,,,,,,,,
25,Adi-16,"Adiyaman, Turkey",diploid,"37° 46' 14.5""N","38° 21' 8.2""E",37.770556,38.352222,510,3,John Vogel (John.Vogel@ars.usda.gov),"4690477: 37.77083, 38.35417",,,,,,,,,
26,Adi-17,"Adiyaman, Turkey",diploid,"37° 46' 14.5""N","38° 21' 8.2""E",37.770556,38.352222,510,3,John Vogel (John.Vogel@ars.usda.gov),"4690477: 37.77083, 38.35417",,,,,,,,,
27,Adi-18,"Adiyaman, Turkey",diploid,"37° 46' 14.5""N","38° 21' 8.2""E",37.770556,38.352222,510,3,John Vogel (John.Vogel@ars.usda.gov),"4690477: 37.77083, 38.35417",,,,,,,,,
28,Bis-1,"Bismil, Turkey",diploid,"37° 52' 35.6""N","41° 0' 54.3""E",37.876389,41.015000,529,3,John Vogel (John.Vogel@ars.usda.gov),,,,,,,,,,
29,Gaz-1,"Gaziantep, Turkey",diploid,"37° 7' 39.8""N","37° 23' 26.9""E",37.127778,37.390833,891,3,John Vogel (John.Vogel@ars.usda.gov),"4776636: 37.14583,37.39583",,,,,,,,,
30,Gaz-2,"Gaziantep, Turkey",diploid,"37° 7' 39.8""N","37° 23' 26.9""E",37.127778,37.390833,891,3,John Vogel (John.Vogel@ars.usda.gov),"4776636: 37.14583,37.39583",,,,,,,,,
31,Gaz-3,"Gaziantep, Turkey",diploid,"37° 7' 39.8""N","37° 23' 26.9""E",37.127778,37.390833,891,3,John Vogel (John.Vogel@ars.usda.gov),"4776636: 37.14583,37.39583",,,,,,,,,
32,Gaz-4,"Gaziantep, Turkey",diploid,"37° 7' 39.8""N","37° 23' 26.9""E",37.127778,37.390833,891,3,John Vogel (John.Vogel@ars.usda.gov),"4776636: 37.14583,37.39583",,,,,,,,,
33,Gaz-5,"Gaziantep, Turkey",diploid,"37° 7' 39.8""N","37° 23' 26.9""E",37.127778,37.390833,891,3,John Vogel (John.Vogel@ars.usda.gov),"4776636: 37.14583,37.39583",,,,,,,,,
34,Gaz-6,"Gaziantep, Turkey",diploid,"37° 7' 39.8""N","37° 23' 26.9""E",37.127778,37.390833,891,3,John Vogel (John.Vogel@ars.usda.gov),"4776636: 37.14583,37.39583",,,,,,,,,
35,Gaz-7,"Gaziantep, Turkey",diploid,"37° 7' 39.8""N","37° 23' 26.9""E",37.127778,37.390833,891,3,John Vogel (John.Vogel@ars.usda.gov),"4776636: 37.14583,37.39583",,,,,,,,,
36,Gaz-8,"Gaziantep, Turkey",diploid,"37° 7' 39.8""N","37° 23' 26.9""E",37.127778,37.390833,891,3,John Vogel (John.Vogel@ars.usda.gov),"4776636: 37.14583,37.39583",,,,,,,,,
37,Gaz-9,"Gaziantep, Turkey",diploid,"37° 7' 39.8""N","37° 23' 26.9""E",37.127778,37.390833,891,3,John Vogel (John.Vogel@ars.usda.gov),"4776636: 37.14583,37.39583",,,,,,,,,
38,Kah-1,"Kahta, Turkey",diploid,"37° 44' 2.3""N","38° 32' 0.2""E",37.733889,38.533333,665,3,John Vogel (John.Vogel@ars.usda.gov),"4675560: 37.72917,38.52083",,,,,,,,,
39,Kah-2,"Kahta, Turkey",diploid,"37° 44' 2.3""N","38° 32' 0.2""E",37.733889,38.533333,665,3,John Vogel (John.Vogel@ars.usda.gov),"4675560: 37.72917,38.52083",,,,,,,,,
40,Kah-3,"Kahta, Turkey",diploid,"37° 44' 2.3""N","38° 32' 0.2""E",37.733889,38.533333,665,3,John Vogel (John.Vogel@ars.usda.gov),"4675560: 37.72917,38.52083",,,,,,,,,
41,Kah-4,"Kahta, Turkey",diploid,"37° 44' 2.3""N","38° 32' 0.2""E",37.733889,38.533333,665,3,John Vogel (John.Vogel@ars.usda.gov),"4675560: 37.72917,38.52083",,,,,,,,,
42,Kah-5,"Kahta, Turkey",diploid,"37° 44' 2.3""N","38° 32' 0.2""E",37.733889,38.533333,665,3,John Vogel (John.Vogel@ars.usda.gov),"4675560: 37.72917,38.52083",,,,,,,,,
43,Kah-6,"Kahta, Turkey",diploid,"37° 44' 2.3""N","38° 32' 0.2""E",37.733889,38.533333,665,3,John Vogel (John.Vogel@ars.usda.gov),"4675560: 37.72917,38.52083",,,,,,,,,
44,Koz-1,"Kozluk, Turkey",diploid,"38° 9' 8.2.6""N","41° 36' 34.8""E",38.152222,41.609722,853,3,John Vogel (John.Vogel@ars.usda.gov),"NA, closest was 36 or 41 for lat",,,,,,,,,
45,Koz-2,"Kozluk, Turkey",diploid,"38° 9' 8.2.6""N","41° 36' 34.8""E",38.152222,41.609722,853,3,John Vogel (John.Vogel@ars.usda.gov),"NA, closest was 36 or 41 for lat",,,,,,,,,
46,Koz-3,"Kozluk, Turkey",diploid,"38° 9' 8.2.6""N","41° 36' 34.8""E",38.152222,41.609722,853,3,John Vogel (John.Vogel@ars.usda.gov),"NA, closest was 36 or 41 for lat",,,,,,,,,
47,Koz-4,"Kozluk, Turkey",diploid,"38° 9' 8.2.6""N","41° 36' 34.8""E",38.152222,41.609722,853,3,John Vogel (John.Vogel@ars.usda.gov),"NA, closest was 36 or 41 for lat",,,,,,,,,
48,Koz-5,"Kozluk, Turkey",diploid,"38° 9' 8.2.6""N","41° 36' 34.8""E",38.152222,41.609722,853,3,John Vogel (John.Vogel@ars.usda.gov),"NA, closest was 36 or 41 for lat",,,,,,,,,
49,Tek-1,"Tekirdag, Turkey",diploid,"41° 0' 40.1""N","27° 31' 8.8""E",41.011111,27.519167,20,3,John Vogel (John.Vogel@ars.usda.gov),"5649499: 41.02083,27.52083",,,,,,,,,
50,Tek-2,"Tekirdag, Turkey",diploid,"41° 0' 40.1""N","27° 31' 8.8""E",41.011111,27.519167,20,3,John Vogel (John.Vogel@ars.usda.gov),"5649499: 41.02083,27.52083",,,,,,,,,
51,Tek-3,"Tekirdag, Turkey",diploid,"41° 0' 40.1""N","27° 31' 8.8""E",41.011111,27.519167,20,3,John Vogel (John.Vogel@ars.usda.gov),"5649499: 41.02083,27.52083",,,,,,,,,
52,Tek-4,"Tekirdag, Turkey",diploid,"41° 0' 40.1""N","27° 31' 8.8""E",41.011111,27.519167,20,3,John Vogel (John.Vogel@ars.usda.gov),"5649499: 41.02083,27.52083",,,,,,,,,
53,Tek-5,"Tekirdag, Turkey",diploid,"41° 0' 40.1""N","27° 31' 8.8""E",41.011111,27.519167,20,3,John Vogel (John.Vogel@ars.usda.gov),"5649499: 41.02083,27.52083",,,,,,,,,
54,Tek-6,"Tekirdag, Turkey",diploid,"41° 0' 40.1""N","27° 31' 8.8""E",41.011111,27.519167,20,3,John Vogel (John.Vogel@ars.usda.gov),"5649499: 41.02083,27.52083",,,,,,,,,
55,Tek-7,"Tekirdag, Turkey",diploid,"41° 0' 40.1""N","27° 31' 8.8""E",41.011111,27.519167,20,3,John Vogel (John.Vogel@ars.usda.gov),"5649499: 41.02083,27.52083",,,,,,,,,
56,Tek-8,"Tekirdag, Turkey",diploid,"41° 0' 40.1""N","27° 31' 8.8""E",41.011111,27.519167,20,3,John Vogel (John.Vogel@ars.usda.gov),"5649499: 41.02083,27.52083",,,,,,,,,
57,Tek-9,"Tekirdag, Turkey",diploid,"41° 0' 40.1""N","27° 31' 8.8""E",41.011111,27.519167,20,3,John Vogel (John.Vogel@ars.usda.gov),"5649499: 41.02083,27.52083",,,,,,,,,
58,Tek-10,"Tekirdag, Turkey",diploid,"41° 0' 40.1""N","27° 31' 8.8""E",41.011111,27.519167,20,3,John Vogel (John.Vogel@ars.usda.gov),"5649499: 41.02083,27.52083",,,,,,,,,
59,Tek-11,"Tekirdag, Turkey",diploid,"41° 0' 40.1""N","27° 31' 8.8""E",41.011111,27.519167,20,3,John Vogel (John.Vogel@ars.usda.gov),"5649499: 41.02083,27.52083",,,,,,,,,
60,Tek-12,"Tekirdag, Turkey",diploid,"41° 0' 40.1""N","27° 31' 8.8""E",41.011111,27.519167,20,3,John Vogel (John.Vogel@ars.usda.gov),"5649499: 41.02083,27.52083",,,,,,,,,
61,BdTR1A,Turkey,diploid,"41° 25'17.86""N","27° 28'36.81""E",41.421667,27.476944,124,"4,3",Outside the U.S. Hikmet Budak (budak@sabanciuniv.edu) In the U.S. John Vogel (John.Vogel@ars.usda.gov) ,"5653039: 41.43750,27.47917",,,,,,,,,
62,BdTR1B,Turkey,diploid,"41° 5'7.15""N","26° 55'53.29""E",41.085278,26.931389,141,"4,3",Outside the U.S. Hikmet Budak (budak@sabanciuniv.edu) In the U.S. John Vogel (John.Vogel@ars.usda.gov) ,"5698654: 41.10417,26.9375",,,,,,,,,
63,BdTR1C,Turkey,diploid,"39° 44'17.39""N","28° 2'24.71""E",39.738056,28.040278,363,"4,3",Outside the U.S. Hikmet Budak (budak@sabanciuniv.edu) In the U.S. John Vogel (John.Vogel@ars.usda.gov) ,"5606806: 39.72917,28.02083",,,,,,,,,
64,BdTR1D,Turkey,diploid,"38° 45'50.79""N","28° 35'6.42""E",38.764167,28.585000,612,"4,3",Outside the U.S. Hikmet Budak (budak@sabanciuniv.edu) In the U.S. John Vogel (John.Vogel@ars.usda.gov) ,"5556443: 38.77083,28.60417",,,,,,,,,
65,BdTR1E,Turkey,diploid,"38° 25'0.42""N","28° 1'52.75""E",38.416667,28.031389,986,"4,3",Outside the U.S. Hikmet Budak (budak@sabanciuniv.edu) In the U.S. John Vogel (John.Vogel@ars.usda.gov) ,"5606775: 38.43750,28.02083",,,,,,,,,
66,BdTR1F,Turkey,diploid,"41° 25'17.86""N","27° 28'36.81""E",41.421667,27.476944,124,"4,3",Outside the U.S. Hikmet Budak (budak@sabanciuniv.edu) In the U.S. John Vogel (John.Vogel@ars.usda.gov) ,"5653039: 41.43750,27.47917",,,,,,,,,
67,BdTR1G,Turkey,diploid,"41° 5'7.15""N","26° 55'53.29""E",41.085278,26.931389,141,"4,3",Outside the U.S. Hikmet Budak (budak@sabanciuniv.edu) In the U.S. John Vogel (John.Vogel@ars.usda.gov) ,"5698654: 41.10417,26.9375",,,,,,,,,
68,BdTR1H,Turkey,diploid,"39° 44'17.39""N","28° 2'24.71""E",39.738056,28.040278,363,"4,3",Outside the U.S. Hikmet Budak (budak@sabanciuniv.edu) In the U.S. John Vogel (John.Vogel@ars.usda.gov) ,"5606806: 39.72917,28.02083",,,,,,,,,
69,BdTR1I,Turkey,diploid,"38° 5'35.03""N","28° 34'59.02""E",38.093056,28.583056,841,"4,3",Outside the U.S. Hikmet Budak (budak@sabanciuniv.edu) In the U.S. John Vogel (John.Vogel@ars.usda.gov) ,"5556427: 38.10417,28.60417",,,,,,,,,
70,BdTR1J,Turkey,diploid,"37° 25'38.24""N","28° 35'6.75""E",37.427222,28.585278,513,"4,3",Outside the U.S. Hikmet Budak (budak@sabanciuniv.edu) In the U.S. John Vogel (John.Vogel@ars.usda.gov) ,"5556411: 37.43750,28.60417",,,,,,,,,
71,BdTR1K,Turkey,diploid,"39° 45'34.18""N","29° 40'40.96""E",39.759444,29.678056,1007,"4,3",Outside the U.S. Hikmet Budak (budak@sabanciuniv.edu) In the U.S. John Vogel (John.Vogel@ars.usda.gov) ,"5461772: 39.77083,29.6875",,,,,,,,,
72,BdTR1M,Turkey,diploid,"39° 5'12.20""N","30° 15'8.93""E",39.086667,30.252500,1076,"4,3",Outside the U.S. Hikmet Budak (budak@sabanciuniv.edu) In the U.S. John Vogel (John.Vogel@ars.usda.gov) ,"5408371: 39.10417,30.27083",,,,,,,,,
73,BdTR1N,Turkey,diploid,"38° 5'59.53""N","30° 14'44.11""E",39.099722,30.245556,1034,"4,3",Outside the U.S. Hikmet Budak (budak@sabanciuniv.edu) In the U.S. John Vogel (John.Vogel@ars.usda.gov) ,"5412015: 30.10417,30.22917",,,,,,,,,
74,BdTR2A,Turkey,diploid,"39° 45'10.62""N","30° 47'19.07""E",39.753056,30.788611,932,"4,3",Outside the U.S. Hikmet Budak (budak@sabanciuniv.edu) In the U.S. John Vogel (John.Vogel@ars.usda.gov) ,"5361581: 39.77083,30.77083",,,,,,,,,
75,BdTR2B,Turkey,diploid,"40° 4'55.55""N","31° 19'52.01""E",40.082222,31.331111,667,"4,3",Outside the U.S. Hikmet Budak (budak@sabanciuniv.edu) In the U.S. John Vogel (John.Vogel@ars.usda.gov) ,,,,,,,,,,
76,BdTR2C,Turkey,diploid,"39° 5'8.89""N","31° 53'29.40""E",39.085833,31.891389,864,"4,3",Outside the U.S. Hikmet Budak (budak@sabanciuniv.edu) In the U.S. John Vogel (John.Vogel@ars.usda.gov) ,,,,,,,,,,
77,BdTR2D,Turkey,diploid,"38° 25'46.78""N","31° 18'33.71""E",38.429722,31.309444,1301,"4,3",Outside the U.S. Hikmet Budak (budak@sabanciuniv.edu) In the U.S. John Vogel (John.Vogel@ars.usda.gov) ,,,,,,,,,,
78,BdTR2E,Turkey,diploid,"38° 25'40.97""N","32° 24'16.47""E",38.428056,32.404444,1012,"4,3",Outside the U.S. Hikmet Budak (budak@sabanciuniv.edu) In the U.S. John Vogel (John.Vogel@ars.usda.gov) ,,,,,,,,,,
79,BdTR2F,Turkey,diploid,"37° 46'41.64""N","31° 53'5.68""E",37.778333,31.885000,1288,"4,3",Outside the U.S. Hikmet Budak (budak@sabanciuniv.edu) In the U.S. John Vogel (John.Vogel@ars.usda.gov) ,,,,,,,,,,
80,BdTR2G,Turkey,diploid,"40° 23'37.13""N","32° 59'7.32""E",40.393611,32.985278,1596,"4,3",Outside the U.S. Hikmet Budak (budak@sabanciuniv.edu) In the U.S. John Vogel (John.Vogel@ars.usda.gov) ,,,,,,,,,,
81,BdTR2H,Turkey,diploid,"39° 45'23.35""N","32° 25'56.46""E",39.756389,32.432222,787,"4,3",Outside the U.S. Hikmet Budak (budak@sabanciuniv.edu) In the U.S. John Vogel (John.Vogel@ars.usda.gov) ,,,,,,,,,,
82,BdTR2I,Turkey,diploid,"39° 45'16.02""N","33° 32'16.37""E",39.754444,33.537778,872,"4,3",Outside the U.S. Hikmet Budak (budak@sabanciuniv.edu) In the U.S. John Vogel (John.Vogel@ars.usda.gov) ,,,,,,,,,,
83,BdTR2J,Turkey,diploid,"39° 24'46.28""N","32° 59'17.24""E",39.412778,32.988056,1192,"4,3",Outside the U.S. Hikmet Budak (budak@sabanciuniv.edu) In the U.S. John Vogel (John.Vogel@ars.usda.gov) ,,,,,,,,,,
84,BdTR2K,Turkey,diploid,"38° 45'28.75""N","34° 4'18.34""E",39.758056,34.071667,1142,"4,3",Outside the U.S. Hikmet Budak (budak@sabanciuniv.edu) In the U.S. John Vogel (John.Vogel@ars.usda.gov) ,,,,,,,,,,
85,BdTR2M,Turkey,diploid,"38° 5'52.78""N","34° 5'40.38""E",38.098056,34.094444,1406,"4,3",Outside the U.S. Hikmet Budak (budak@sabanciuniv.edu) In the U.S. John Vogel (John.Vogel@ars.usda.gov) ,,,,,,,,,,
86,BdTR2N,Turkey,diploid,"37° 46'4.28""N","33° 31'10.58""E",37.767778,33.519722,1013,"4,3",Outside the U.S. Hikmet Budak (budak@sabanciuniv.edu) In the U.S. John Vogel (John.Vogel@ars.usda.gov) ,,,,,,,,,,
87,BdTR2O,Turkey,diploid,"39° 45'23.35""N","32° 25'56.46""E",39.756389,32.432222,787,"4,3",Outside the U.S. Hikmet Budak (budak@sabanciuniv.edu) In the U.S. John Vogel (John.Vogel@ars.usda.gov) ,,,,,,,,,,
88,BdTR2P,Turkey,diploid,"39° 45'16.02""N","33° 32'16.37""E",39.754444,33.537778,872,"4,3",Outside the U.S. Hikmet Budak (budak@sabanciuniv.edu) In the U.S. John Vogel (John.Vogel@ars.usda.gov) ,,,,,,,,,,
89,BdTR2R,Turkey,diploid,"39° 24'46.28""N","32° 59'17.24""E",39.412778,32.988056,1192,"4,3",Outside the U.S. Hikmet Budak (budak@sabanciuniv.edu) In the U.S. John Vogel (John.Vogel@ars.usda.gov) ,,,,,,,,,,
90,BdTR2S,Turkey,diploid,"38° 45'28.75""N","34° 4'18.34""E",39.758056,34.071667,1142,"4,3",Outside the U.S. Hikmet Budak (budak@sabanciuniv.edu) In the U.S. John Vogel (John.Vogel@ars.usda.gov) ,,,,,,,,,,
91,BdTR3A,Turkey,diploid,"37° 46'4.28""N","33° 31'10.58""E",37.767778,33.519722,1013,"4,3",Outside the U.S. Hikmet Budak (budak@sabanciuniv.edu) In the U.S. John Vogel (John.Vogel@ars.usda.gov) ,,,,,,,,,,
92,BdTR3B,Turkey,diploid,"37° 6'31.87""N","34° 4'17.06""E",37.108889,34.071389,2385,"4,3",Outside the U.S. Hikmet Budak (budak@sabanciuniv.edu) In the U.S. John Vogel (John.Vogel@ars.usda.gov) ,,,,,,,,,,
93,BdTR3C,Turkey,diploid,"36° 46'58.92""N","32° 57'46.71""E",36.783056,32.963056,1957,"4,3",Outside the U.S. Hikmet Budak (budak@sabanciuniv.edu) In the U.S. John Vogel (John.Vogel@ars.usda.gov) ,,,,,,,,,,
94,BdTR3D,Turkey,diploid,"40° 24'19.91""N","34° 38'10.10""E",40.405556,34.636111,1088,"4,3",Outside the U.S. Hikmet Budak (budak@sabanciuniv.edu) In the U.S. John Vogel (John.Vogel@ars.usda.gov) ,,,,,,,,,,
95,BdTR3E,Turkey,diploid,"39° 44'53.45""N","34° 39'1.15""E",39.748056,34.650278,1035,"4,3",Outside the U.S. Hikmet Budak (budak@sabanciuniv.edu) In the U.S. John Vogel (John.Vogel@ars.usda.gov) ,,,,,,,,,,
96,BdTR3F,Turkey,diploid,"39° 5'31.64""N","35° 11'18.62""E",39.092222,35.188611,1249,"4,3",Outside the U.S. Hikmet Budak (budak@sabanciuniv.edu) In the U.S. John Vogel (John.Vogel@ars.usda.gov) ,,,,,,,,,,
97,BdTR3G,Turkey,diploid,"38° 24'16.86""N","35° 9'34.32""E",38.404722,35.159444,1086,"4,3",Outside the U.S. Hikmet Budak (budak@sabanciuniv.edu) In the U.S. John Vogel (John.Vogel@ars.usda.gov) ,,,,,,,,,,
98,BdTR3H,Turkey,diploid,"37° 46'43.23""N","35° 12'9.55""E",37.778611,35.202778,3196,"4,3",Outside the U.S. Hikmet Budak (budak@sabanciuniv.edu) In the U.S. John Vogel (John.Vogel@ars.usda.gov) ,,,,,,,,,,
99,BdTR3I,Turkey,diploid,"39° 44'51.33""N","36° 48'56.85""E",39.747500,36.815833,1574,"4,3",Outside the U.S. Hikmet Budak (budak@sabanciuniv.edu) In the U.S. John Vogel (John.Vogel@ars.usda.gov) ,,,,,,,,,,
100,BdTR3J,Turkey,diploid,"38° 45'25.33""N","36° 16'56.90""E",38.756944,36.282500,1849,"4,3",Outside the U.S. Hikmet Budak (budak@sabanciuniv.edu) In the U.S. John Vogel (John.Vogel@ars.usda.gov) ,,,,,,,,,,
101,BdTR3K,Turkey,diploid,"38° 25'12.10""N","37° 23'26.99""E",38.420000,37.390833,1709,"4,3",Outside the U.S. Hikmet Budak (budak@sabanciuniv.edu) In the U.S. John Vogel (John.Vogel@ars.usda.gov) ,,,,,,,,,,
102,BdTR3M,Turkey,diploid,"37° 45'58.01""N","37° 53'23.56""E",37.766111,37.890000,614,"4,3",Outside the U.S. Hikmet Budak (budak@sabanciuniv.edu) In the U.S. John Vogel (John.Vogel@ars.usda.gov) ,,,,,,,,,,
103,BdTR3N,Turkey,diploid,"37° 26'4.39""N","36° 49'9.55""E",37.434444,36.819444,787,"4,3",Outside the U.S. Hikmet Budak (budak@sabanciuniv.edu) In the U.S. John Vogel (John.Vogel@ars.usda.gov) ,,,,,,,,,,
104,BdTR3O,Turkey,diploid,"37° 7'2.52""N","39° 1'49.56""E",37.117500,39.030556,448,"4,3",Outside the U.S. Hikmet Budak (budak@sabanciuniv.edu) In the U.S. John Vogel (John.Vogel@ars.usda.gov) ,,,,,,,,,,
105,BdTR3P,Turkey,diploid,"37° 45'41.57""N","39° 34'56.72""E",37.761667,39.582500,1156,"4,3",Outside the U.S. Hikmet Budak (budak@sabanciuniv.edu) In the U.S. John Vogel (John.Vogel@ars.usda.gov) ,,,,,,,,,,
106,BdTR3R,Turkey,diploid,"37° 26'13.88""N","40° 7'50.51""E",37.437222,40.130833,710,"4,3",Outside the U.S. Hikmet Budak (budak@sabanciuniv.edu) In the U.S. John Vogel (John.Vogel@ars.usda.gov) ,,,,,,,,,,
107,BdTR3S,Turkey,diploid,"38° 5'43.50""N","40° 39'30.84""E",38.095556,40.658611,688,"4,3",Outside the U.S. Hikmet Budak (budak@sabanciuniv.edu) In the U.S. John Vogel (John.Vogel@ars.usda.gov) ,,,,,,,,,,
108,BdTR3T,Turkey,diploid,"37° 27'31.68""N","41° 14'39.03""E",37.458889,41.244167,975,"4,3",Outside the U.S. Hikmet Budak (budak@sabanciuniv.edu) In the U.S. John Vogel (John.Vogel@ars.usda.gov) ,,,,,,,,,,
109,BdTR5A,Turkey,diploid,"36° 45'59.24""N","44° 32'6.90""E",36.766389,44.535278,886,"4,3",Outside the U.S. Hikmet Budak (budak@sabanciuniv.edu) In the U.S. John Vogel (John.Vogel@ars.usda.gov) ,,,,,,,,,,
110,BdTR5B,Turkey,diploid,"37° 46'43.23""N","35° 12'9.55""E",37.778611,35.202778,3196,"4,3",Outside the U.S. Hikmet Budak (budak@sabanciuniv.edu) In the U.S. John Vogel (John.Vogel@ars.usda.gov) ,,,,,,,,,,
111,BdTR5C,Turkey,diploid,"39° 44'51.33""N","36° 48'56.85""E",39.747500,36.815833,1574,"4,3",Outside the U.S. Hikmet Budak (budak@sabanciuniv.edu) In the U.S. John Vogel (John.Vogel@ars.usda.gov) ,,,,,,,,,,
112,BdTR5D,Turkey,diploid,"38° 25'40.97""N","32° 24'16.47""E",38.428056,32.404722,1012,"4,3",Outside the U.S. Hikmet Budak (budak@sabanciuniv.edu) In the U.S. John Vogel (John.Vogel@ars.usda.gov) ,,,,,,,,,,
113,BdTR5E,Turkey,diploid,"37° 46'41.64""N","31° 53'5.68""E",37.778333,31.885000,1288,"4,3",Outside the U.S. Hikmet Budak (budak@sabanciuniv.edu) In the U.S. John Vogel (John.Vogel@ars.usda.gov) ,,,,,,,,,,
114,BdTR5F,Turkey,diploid,"40° 23'37.13""N","32° 59'7.32""E",40.393611,32.985278,1596,"4,3",Outside the U.S. Hikmet Budak (budak@sabanciuniv.edu) In the U.S. John Vogel (John.Vogel@ars.usda.gov) ,,,,,,,,,,
115,BdTR5G,Turkey,diploid,"39° 45'23.35""N","32° 25'56.46""E",39.756389,32.432222,787,"4,3",Outside the U.S. Hikmet Budak (budak@sabanciuniv.edu) In the U.S. John Vogel (John.Vogel@ars.usda.gov) ,,,,,,,,,,
116,BdTR5H,Turkey,diploid,"39° 45'16.02""N","33° 32'16.37""E",39.754444,33.537778,872,"4,3",Outside the U.S. Hikmet Budak (budak@sabanciuniv.edu) In the U.S. John Vogel (John.Vogel@ars.usda.gov) ,,,,,,,,,,
117,BdTR5I,Turkey,diploid,"40° 23'37.13""N","32° 59'7.32""E",40.393611,32.985278,1596,"4,3",Outside the U.S. Hikmet Budak (budak@sabanciuniv.edu) In the U.S. John Vogel (John.Vogel@ars.usda.gov) ,,,,,,,,,,
118,BdTR5J,Turkey,diploid,"40° 23'37.13""N","32° 59'7.32""E",40.393611,32.985278,1596,"4,3",Outside the U.S. Hikmet Budak (budak@sabanciuniv.edu) In the U.S. John Vogel (John.Vogel@ars.usda.gov) ,,,,,,,,,,
119,BdTR5K,Turkey,diploid,"40° 23'37.13""N","32° 59'7.32""E",40.393611,32.985278,1596,"4,3",Outside the U.S. Hikmet Budak (budak@sabanciuniv.edu) In the U.S. John Vogel (John.Vogel@ars.usda.gov) ,,,,,,,,,,
120,BdTR5M,Turkey,diploid,"40° 23'37.13""N","32° 59'7.32""E",40.393611,32.985278,1596,"4,3",Outside the U.S. Hikmet Budak (budak@sabanciuniv.edu) In the U.S. John Vogel (John.Vogel@ars.usda.gov) ,,,,,,,,,,
121,BdTR5N,Turkey,diploid,"40° 23'37.13""N","32° 59'7.32""E",40.393611,32.985278,1596,"4,3",Outside the U.S. Hikmet Budak (budak@sabanciuniv.edu) In the U.S. John Vogel (John.Vogel@ars.usda.gov) ,,,,,,,,,,
122,BdTR5O,Turkey,diploid,"39° 45'16.02""N","33° 32'16.37""E",39.754444,33.537778,872,"4,3",Outside the U.S. Hikmet Budak (budak@sabanciuniv.edu) In the U.S. John Vogel (John.Vogel@ars.usda.gov) ,,,,,,,,,,
123,BdTR7A,Turkey,diploid,"39° 44'53.45""N","34° 39'1.15""E",39.748056,34.650278,1035,"4,3",Outside the U.S. Hikmet Budak (budak@sabanciuniv.edu) In the U.S. John Vogel (John.Vogel@ars.usda.gov) ,,,,,,,,,,
124,BdTR7B,Turkey,diploid,"39° 5'31.64""N","35° 11'18.62""E",39.092222,35.188611,1249,"4,3",Outside the U.S. Hikmet Budak (budak@sabanciuniv.edu) In the U.S. John Vogel (John.Vogel@ars.usda.gov) ,,,,,,,,,,
125,BdTR8A,Turkey,diploid,"39° 45'16.02""N","33° 32'16.37""E",39.754444,33.537778,872,"4,3",Outside the U.S. Hikmet Budak (budak@sabanciuniv.edu) In the U.S. John Vogel (John.Vogel@ars.usda.gov) ,,,,,,,,,,
126,BdTR8C,Turkey,diploid,"39° 24'46.28""N","32° 59'17.24""E",39.412778,32.988056,1192,"4,3",Outside the U.S. Hikmet Budak (budak@sabanciuniv.edu) In the U.S. John Vogel (John.Vogel@ars.usda.gov) ,,,,,,,,,,
127,BdTR8F,Turkey,diploid,"37° 46'4.28""N","33° 31'10.58""E",37.767778,33.519722,1013,"4,3",Outside the U.S. Hikmet Budak (budak@sabanciuniv.edu) In the U.S. John Vogel (John.Vogel@ars.usda.gov) ,,,,,,,,,,
128,BdTR8I,Turkey,diploid,"37° 6'31.87""N","34° 4'17.06""E",37.108889,34.071389,2385,"4,3",Outside the U.S. Hikmet Budak (budak@sabanciuniv.edu) In the U.S. John Vogel (John.Vogel@ars.usda.gov) ,,,,,,,,,,
129,BdTR8M,Turkey,diploid,"39° 5'31.64""N","35° 11'18.62""E",39.092222,35.188611,1249,"4,3",Outside the U.S. Hikmet Budak (budak@sabanciuniv.edu) In the U.S. John Vogel (John.Vogel@ars.usda.gov) ,,,,,,,,,,
130,BdTR8N,Turkey,diploid,"38° 24'16.86""N","35° 9'34.32""E",38.404722,35.159444,1086,"4,3",Outside the U.S. Hikmet Budak (budak@sabanciuniv.edu) In the U.S. John Vogel (John.Vogel@ars.usda.gov) ,,,,,,,,,,
131,BdTR9A,Turkey,diploid,"39° 44'51.33""N","36° 48'56.85""E",39.747500,36.815833,1574,"4,3",Outside the U.S. Hikmet Budak (budak@sabanciuniv.edu) In the U.S. John Vogel (John.Vogel@ars.usda.gov) ,,,,,,,,,,
132,BdTR9B,Turkey,diploid,"39° 44'17.39""N","28° 2'24.71""E",39.738056,28.040278,363,"4,3",Outside the U.S. Hikmet Budak (budak@sabanciuniv.edu) In the U.S. John Vogel (John.Vogel@ars.usda.gov) ,"5606806: 39.72917,28.02083",,,,,,,,,
133,BdTR9C,Turkey,diploid,"38° 45'50.79""N","28° 35'6.42""E",38.764167,28.585000,612,"4,3",Outside the U.S. Hikmet Budak (budak@sabanciuniv.edu) In the U.S. John Vogel (John.Vogel@ars.usda.gov) ,"5556443: 38.77083,28.60417",,,,,,,,,
134,BdTR9E,Turkey,diploid,"38° 5'35.03""N","28° 34'59.02""E",38.093056,28.583056,841,"4,3",Outside the U.S. Hikmet Budak (budak@sabanciuniv.edu) In the U.S. John Vogel (John.Vogel@ars.usda.gov) ,"5556427: 38.10417,28.60417",,,,,,,,,
135,BdTR9F,Turkey,diploid,"37° 25'38.24""N","28° 35'6.75""E",37.427222,28.585278,513,"4,3",Outside the U.S. Hikmet Budak (budak@sabanciuniv.edu) In the U.S. John Vogel (John.Vogel@ars.usda.gov) ,"5556411: 37.43750,28.60417",,,,,,,,,
136,BdTR9G,Turkey,diploid,"39° 45'34.18""N","29° 40'40.96""E",39.759444,29.678056,1007,"4,3",Outside the U.S. Hikmet Budak (budak@sabanciuniv.edu) In the U.S. John Vogel (John.Vogel@ars.usda.gov) ,"5461772: 39.77083,29.6875",,,,,,,,,
137,BdTR9H,Turkey,diploid,"39° 5'12.20""N","30° 15'8.93""E",39.086667,30.252500,1076,"4,3",Outside the U.S. Hikmet Budak (budak@sabanciuniv.edu) In the U.S. John Vogel (John.Vogel@ars.usda.gov) ,,,,,,,,,,
138,BdTR9I,Turkey,diploid,"38° 5'59.53""N","30° 14'44.11""E",38.099722,30.245556,1034,"4,3",Outside the U.S. Hikmet Budak (budak@sabanciuniv.edu) In the U.S. John Vogel (John.Vogel@ars.usda.gov) ,,,,,,,,,,
139,BdTR9J,Turkey,diploid,"37° 7'38.06""N","30° 13'59.22""E",37.127222,30.233056,1073,"4,3",Outside the U.S. Hikmet Budak (budak@sabanciuniv.edu) In the U.S. John Vogel (John.Vogel@ars.usda.gov) ,,,,,,,,,,
140,BdTR9K,Turkey,diploid,"39° 45'10.62""N","30° 47'19.07""E",39.753056,30.788611,932,"4,3",Outside the U.S. Hikmet Budak (budak@sabanciuniv.edu) In the U.S. John Vogel (John.Vogel@ars.usda.gov) ,,,,,,,,,,
141,BdTR9M,Turkey,diploid,"40° 4'55.55""N","31° 19'52.01""E",40.082222,31.331111,667,"4,3",Outside the U.S. Hikmet Budak (budak@sabanciuniv.edu) In the U.S. John Vogel (John.Vogel@ars.usda.gov) ,,,,,,,,,,
142,BdTR10A,Turkey,diploid,"38° 25'46.78""N","31° 18'33.71""E",38.429722,31.309444,1301,"4,3",Outside the U.S. Hikmet Budak (budak@sabanciuniv.edu) In the U.S. John Vogel (John.Vogel@ars.usda.gov) ,,,,,,,,,,
143,BdTR10B,Turkey,diploid,"38° 25'40.97""N","32° 24'16.47""E",38.428056,32.404722,1012,"4,3",Outside the U.S. Hikmet Budak (budak@sabanciuniv.edu) In the U.S. John Vogel (John.Vogel@ars.usda.gov) ,,,,,,,,,,
144,BdTR10C,Turkey,diploid,"37° 46'41.64""N","31° 53'5.68""E",37.778333,31.885000,1288,"4,3",Outside the U.S. Hikmet Budak (budak@sabanciuniv.edu) In the U.S. John Vogel (John.Vogel@ars.usda.gov) ,,,,,,,,,,
145,BdTR10D,Turkey,diploid,"40° 23'37.13""N","32° 59'7.32""E",40.393611,32.985278,1596,"4,3",Outside the U.S. Hikmet Budak (budak@sabanciuniv.edu) In the U.S. John Vogel (John.Vogel@ars.usda.gov) ,,,,,,,,,,
146,BdTR10E,Turkey,diploid,"37° 7'2.52""N","39° 1'49.56""E",37.117500,39.030556,448,"4,3",Outside the U.S. Hikmet Budak (budak@sabanciuniv.edu) In the U.S. John Vogel (John.Vogel@ars.usda.gov) ,,,,,,,,,,
147,BdTR10F,Turkey,diploid,"37° 45'41.57""N","39° 34'56.72""E",37.761667,39.582500,1156,"4,3",Outside the U.S. Hikmet Budak (budak@sabanciuniv.edu) In the U.S. John Vogel (John.Vogel@ars.usda.gov) ,,,,,,,,,,
148,BdTR10G,Turkey,diploid,"37° 26'13.88""N","40° 7'50.51""E",37.437222,40.130833,710,"4,3",Outside the U.S. Hikmet Budak (budak@sabanciuniv.edu) In the U.S. John Vogel (John.Vogel@ars.usda.gov) ,,,,,,,,,,
149,BdTR10H,Turkey,diploid,"38° 5'43.50""N","40° 39'30.84""E",38.095556,40.658611,688,"4,3",Outside the U.S. Hikmet Budak (budak@sabanciuniv.edu) In the U.S. John Vogel (John.Vogel@ars.usda.gov) ,,,,,,,,,,
150,BdTR10I,Turkey,diploid,"37° 27'31.68""N","41° 14'39.03""E",37.458889,41.244167,975,"4,3",Outside the U.S. Hikmet Budak (budak@sabanciuniv.edu) In the U.S. John Vogel (John.Vogel@ars.usda.gov) ,,,,,,,,,,
151,BdTR10J,Turkey,diploid,"37° 47'51.69""N","41° 46'25.09""E",37.797778,41.773611,612,"4,3",Outside the U.S. Hikmet Budak (budak@sabanciuniv.edu) In the U.S. John Vogel (John.Vogel@ars.usda.gov) ,,,,,,,,,,
152,BdTR10K,Turkey,diploid,"38° 5'48.94""N","42° 19'18.79""E",38.096944,42.321944,1713,"4,3",Outside the U.S. Hikmet Budak (budak@sabanciuniv.edu) In the U.S. John Vogel (John.Vogel@ars.usda.gov) ,,,,,,,,,,
153,BdTR10M,Turkey,diploid,"41° 25'17.86""N","27° 28'36.81""E",41.421667,27.476944,124,"4,3",Outside the U.S. Hikmet Budak (budak@sabanciuniv.edu) In the U.S. John Vogel (John.Vogel@ars.usda.gov) ,"5653039: 41.43750,27.47917",,,,,,,,,
154,BdTR10N,Turkey,diploid,"41° 5'7.15""N","26° 55'53.29""E",41.085278,26.931389,141,"4,3",Outside the U.S. Hikmet Budak (budak@sabanciuniv.edu) In the U.S. John Vogel (John.Vogel@ars.usda.gov) ,"5698654: 41.10417,26.9375",,,,,,,,,
155,BdTR10O,Turkey,diploid,"39° 44'17.39""N","28° 2'24.71""E",39.738056,28.040278,363,"4,3",Outside the U.S. Hikmet Budak (budak@sabanciuniv.edu) In the U.S. John Vogel (John.Vogel@ars.usda.gov) ,"5606806: 39.72917,28.02083",,,,,,,,,
156,BdTR11A,Turkey,diploid,"38° 25'0.42""N","28° 1'52.75""E",38.416667,28.031389,986,"4,3",Outside the U.S. Hikmet Budak (budak@sabanciuniv.edu) In the U.S. John Vogel (John.Vogel@ars.usda.gov) ,"5606775: 38.43750,28.02083",,,,,,,,,
157,BdTR11B,Turkey,diploid,"41° 25'17.86""N","27° 28'36.81""E",41.421667,27.476944,124,"4,3",Outside the U.S. Hikmet Budak (budak@sabanciuniv.edu) In the U.S. John Vogel (John.Vogel@ars.usda.gov) ,"5653039: 41.43750,27.47917",,,,,,,,,
158,BdTR11C,Turkey,diploid,"41° 5'7.15""N","26° 55'53.29""E",41.085278,26.931389,141,"4,3",Outside the U.S. Hikmet Budak (budak@sabanciuniv.edu) In the U.S. John Vogel (John.Vogel@ars.usda.gov) ,"5698654: 41.10417,26.9375",,,,,,,,,
159,BdTR11D,Turkey,diploid,"37° 27'31.68""N","41° 14'39.03""E",37.458889,41.244167,975,"4,3",Outside the U.S. Hikmet Budak (budak@sabanciuniv.edu) In the U.S. John Vogel (John.Vogel@ars.usda.gov) ,,,,,,,,,,
160,BdTR11E,Turkey,diploid,"37° 47'51.69""N","41° 46'25.09""E",37.797778,41.773611,612,"4,3",Outside the U.S. Hikmet Budak (budak@sabanciuniv.edu) In the U.S. John Vogel (John.Vogel@ars.usda.gov) ,,,,,,,,,,
161,BdTR11F,Turkey,diploid,"38° 5'48.94""N","42° 19'18.79""E",38.096944,42.321944,1713,"4,3",Outside the U.S. Hikmet Budak (budak@sabanciuniv.edu) In the U.S. John Vogel (John.Vogel@ars.usda.gov) ,,,,,,,,,,
162,BdTR11G,Turkey,diploid,"41° 25'17.86""N","27° 28'36.81""E",41.421667,27.476944,124,"4,3",Outside the U.S. Hikmet Budak (budak@sabanciuniv.edu) In the U.S. John Vogel (John.Vogel@ars.usda.gov) ,"5653039: 41.43750,27.47917",,,,,,,,,
163,BdTR11H,Turkey,diploid,"41° 5'7.15""N","26° 55'53.29""E",41.085278,26.931389,141,"4,3",Outside the U.S. Hikmet Budak (budak@sabanciuniv.edu) In the U.S. John Vogel (John.Vogel@ars.usda.gov) ,"5698654: 41.10417,26.9375",,,,,,,,,
164,BdTR11I,Turkey,diploid,"39° 44'17.39""N","28° 2'24.71""E",39.738056,28.040278,363,"4,3",Outside the U.S. Hikmet Budak (budak@sabanciuniv.edu) In the U.S. John Vogel (John.Vogel@ars.usda.gov) ,"5606806: 39.72917,28.02083",,,,,,,,,
165,BdTR12A,Turkey,diploid,"36° 46'58.92""N","32° 57'46.71""E",36.783056,32.963056,1957,"4,3",Outside the U.S. Hikmet Budak (budak@sabanciuniv.edu) In the U.S. John Vogel (John.Vogel@ars.usda.gov) ,,,,,,,,,,
166,BdTR12B,Turkey,diploid,"40° 24'19.91""N","34° 38'10.10""E",40.405556,34.636111,1088,"4,3",Outside the U.S. Hikmet Budak (budak@sabanciuniv.edu) In the U.S. John Vogel (John.Vogel@ars.usda.gov) ,,,,,,,,,,
167,BdTR12C,Turkey,diploid,"39° 44'53.45""N","34° 39'1.15""E",39.748056,34.650278,1035,"4,3",Outside the U.S. Hikmet Budak (budak@sabanciuniv.edu) In the U.S. John Vogel (John.Vogel@ars.usda.gov) ,,,,,,,,,,
168,BdTR13A,Turkey,diploid,"39° 45'23.35""N","32° 25'56.46""E",39.756389,32.432222,787,"4,3",Outside the U.S. Hikmet Budak (budak@sabanciuniv.edu) In the U.S. John Vogel (John.Vogel@ars.usda.gov) ,,,,,,,,,,
169,BdTR13B,Turkey,diploid,"39° 45'16.02""N","33° 32'16.37""E",39.754444,33.537778,872,"4,3",Outside the U.S. Hikmet Budak (budak@sabanciuniv.edu) In the U.S. John Vogel (John.Vogel@ars.usda.gov) ,,,,,,,,,,
170,BdTR13C,Turkey,diploid,"39° 24'46.28""N","32° 59'17.24""E",39.412778,32.988056,1192,"4,3",Outside the U.S. Hikmet Budak (budak@sabanciuniv.edu) In the U.S. John Vogel (John.Vogel@ars.usda.gov) ,,,,,,,,,,
171,BdTR13D,Turkey,diploid,"37° 46'4.28""N","33° 31'10.58""E",37.767778,33.519722,1013,"4,3",Outside the U.S. Hikmet Budak (budak@sabanciuniv.edu) In the U.S. John Vogel (John.Vogel@ars.usda.gov) ,,,,,,,,,,
172,BdTR13E,Turkey,diploid,"37° 6'31.87""N","34° 4'17.06""E",37.108889,34.071389,2385,"4,3",Outside the U.S. Hikmet Budak (budak@sabanciuniv.edu) In the U.S. John Vogel (John.Vogel@ars.usda.gov) ,,,,,,,,,,
173,BdTR13F,Turkey,diploid,"39° 5'31.64""N","35° 11'18.62""E",39.092222,35.188611,1249,"4,3",Outside the U.S. Hikmet Budak (budak@sabanciuniv.edu) In the U.S. John Vogel (John.Vogel@ars.usda.gov) ,,,,,,,,,,
174,BdTR13G,Turkey,diploid,"38° 24'16.86""N","35° 9'34.32""E",38.404722,35.159444,1086,"4,3",Outside the U.S. Hikmet Budak (budak@sabanciuniv.edu) In the U.S. John Vogel (John.Vogel@ars.usda.gov) ,,,,,,,,,,
175,BdTR13H,Turkey,diploid,"37° 27'31.68""N","41° 14'39.03""E",37.458889,41.244167,975,"4,3",Outside the U.S. Hikmet Budak (budak@sabanciuniv.edu) In the U.S. John Vogel (John.Vogel@ars.usda.gov) ,,,,,,,,,,
176,BdTR13I,Turkey,diploid,"37° 47'51.69""N","41° 46'25.09""E",37.797778,41.773611,612,"4,3",Outside the U.S. Hikmet Budak (budak@sabanciuniv.edu) In the U.S. John Vogel (John.Vogel@ars.usda.gov) ,,,,,,,,,,
177,BdTR13J,Turkey,diploid,"38° 5'48.94""N","42° 19'18.79""E",38.096944,42.321944,1713,"4,3",Outside the U.S. Hikmet Budak (budak@sabanciuniv.edu) In the U.S. John Vogel (John.Vogel@ars.usda.gov) ,,,,,,,,,,
178,BdTR13K,Turkey,diploid,"38° 5'48.94""N","42° 19'18.79""E",38.096944,42.321944,1713,"4,3",Outside the U.S. Hikmet Budak (budak@sabanciuniv.edu) In the U.S. John Vogel (John.Vogel@ars.usda.gov) ,,,,,,,,,,
179,BdTR13M,Turkey,diploid,"37° 28'28.23""N","43° 26'45.08""E",37.474444,43.445833,1957,"4,3",Outside the U.S. Hikmet Budak (budak@sabanciuniv.edu) In the U.S. John Vogel (John.Vogel@ars.usda.gov) ,,,,,,,,,,
180,BdTR13N,Turkey,diploid,"36° 45'59.24""N","44° 32'6.90""E",36.766389,44.535278,886,"4,3",Outside the U.S. Hikmet Budak (budak@sabanciuniv.edu) In the U.S. John Vogel (John.Vogel@ars.usda.gov) ,,,,,,,,,,
181,BdTR13O,Turkey,diploid,"38° 5'48.94""N","42° 19'18.79""E",38.096944,42.321944,1713,"4,3",Outside the U.S. Hikmet Budak (budak@sabanciuniv.edu) In the U.S. John Vogel (John.Vogel@ars.usda.gov) ,,,,,,,,,,
182,ABR1,"Kaman, Turkey",,,,,,?,,MUR,,,,,,,,,,
183,ABR2,"Octon, Herault, France",,N43.604262,E3.262939,43.604262,3.262939,212,,MUR,,,,,,,,,,
184,ABR3,"Huesca, Aisa , Spain",,N42.689502,E0.612488,42.689502,0.612488,672,,MUR,,,,,,,,,,
185,ABR4,"Huesca, Arens, Spain",,N40.992727,W0.271568,40.992727,-0.271568,754,,MUR,,,,,,,,,,
186,ABR5,"Huesca, Jaca, Spain",,N42.570276,W0.547943,42.570276,-0.547943,434,,MUR,,,,,,,,,,
187,ABR6,"Navarra, Los Arcos, Spain",,N42.575585,W2.194176,42.575585,-2.194176,476,,MUR,,,,,,,,,,
188,ABR7,"Valladolid, Otero, Spain",,N42.016652,W6.141357,42.016652,-6.141357,371,,MUR,,,,,,,,,,
189,ABR8,"Siena, Italy",,"43°19'07""N",11°19'50'E,43.318611,11.330556,?,,MUR,,lat/long from Des Marais et al 2017,,,,,,,,
190,ABR9,"Ljuljana, Slovenia",,46°03'20'N,"14°30'30""E",46.055556,14.508333,?,,MUR,,"lat/long from Des Marais et al 2017, Ljuljana is in Slovenia…",,,,,,,,
191,ABR12,Iran (exactly site unknown),,,,,,?,,MUR,,,,,,,,,,
192,ABR14,Turkey (exact site - unknown),,,,,,?,,MUR,,,,,,,,,,
193,Uni2,"University of Zaragoza, Huesca",,N42.117771,  W0.445225,42.117771,-0.445225,480,,MUR,,,,,,,,,,
194,Mon3,"Puetro de Pallaruelo, Castejon de Monegros. Zaragoza, Spain",,N41.65132,W0.21042,41.65132,-0.21042,515,,MUR,,,,,,,,,,
195,Mig3,"San Miguel de Foces, Huesca, Spain",,N42.14799,W0.19497,42.14799,-0.19497,572,,MUR,,,,,,,,,,
196,Yas3,"Yaso, Huesca, Spain",,N42.20237,W0.12236,42.20237,-0.12236,731,,MUR,,,,,,,,,,
197,Ban2,"Jaca, Banaguas, Huesca, Spain",,N42.58062,W0.57992,42.58062,-0.57992,822,,MUR,,,,,,,,,,
198,Rei7,"Ponte de la Reina, Huesca, Spain",,N42.56319,W0.78688,42.56319,-0.78688,627,,MUR,,,,,,,,,,
199,Arn2,"Arens, Huesca, Spain",,N42.25651,E0.72985,42.25651,0.72985,681,,MUR,,,,,,,,,,
200,Jer1,"Ermita de San Jeromimo, Huesca, Spain",,N42.05460,W0.01238,42.0546,-0.01238,414,,MUR,,,,,,,,,,
201,Bar2,"Barbastro, Huesca, Spain",,N42.04063,E0.14636,42.04063,0.14636,383,,MUR,,,,,,,,,,
202,Abi1,"Barraco Malio, Abizanda, Huesca, Spain",,N42.19533,E0.20794,42.19533,0.20794,382,,MUR,,,,,,,,,,
203,Luc1,"Ermita de Santa Lucia, Berdun, Huesca, Spain",,N42.61005,W0.89319,42.61005,-0.89319,566,,MUR,,,,,,,,,,
204,Mir1,"Miramont, Zaragoza, Spain",,N42.60873,W0.95909,42.60873,-0.95909,564,,MUR,,,,,,,,,,
205,Sig2,"Sigues, Zaragoza, Spain",,N42.61293,W1.01455,42.61293,-1.01455,530,,MUR,,,,,,,,,,
206,Foz1,"Foz de Lumbier, Navarra, Spain",,N42.63651,W1.30484,42.63651,-1.30484,434,,MUR,,,,,,,,,,
207,Mon1,"Monreal, Navarra, Spain",,N42.70126,W1.51543,42.70126,-1.51543,578,,MUR,,,,,,,,,,
208,Per1,"Puerto de Perdom, Navarra, Spain",,N42.73704,W1.74961,42.73704,-1.74961,736,,MUR,,,,,,,,,,
209,Arc1,"Los Arcos, Navarra, Spain",,N42.58087,W2.20273,42.58087,-2.20273,484,,MUR,,,,,,,,,,
210,Fon2,"Fondedou, Lerida, Cataluna, Spain",,N41.94098,E0.75713,41.94098,0.75713,648,,MUR,,,,,,,,,,
211,Mur3,"Castillo de Mur, Lerida, Cataluna, Spain",,N42.09763,E0.87750,42.09763,0.8775,487,,MUR,,,,,,,,,,
212,Pal3,"Les Pallagues, Lerida, Cataluna, Spain",,N41.76075,E1.21082,41.76075,1.21082,411,,MUR,,,,,,,,,,
213,Pob1,"Poblado de San Antonio, Celceite, Teruel, Aragon, Spain",,N41.00472,E0.18520,41.00472,0.1852,585,,MUR,,,,,,,,,,
214,Bel1,"Belchite, Zaragoza, Aragon, Spain",,N41.29946,W0.74159,41.29946,-0.74159,448,,MUR,,,,,,,,,,
,,,,,,,,,,,"1 Vogel, J., Garvin, D., Leong, O., and Hayden, D. Agrobacterium-mediated transformation and inbred line development in the model grass Brachypodium distachyon. Plant Cell Tissue and Organ Culture  84:199-211. 2006 link: http://brachypodium.pw.usda.gov",,,,,,,,,
,,,,,,,,,,,"2 Vogel, J., Hill, T. High-efficiency Agrobacterium-mediated transformation of Brachypodium distachyon inbred line Bd21-3. Plant Cell Rep. 27: 471-478. 2008 link: http://brachypodium.pw.usda.gov",,,,,,,,,
,,,,,,,,,,,"3 Vogel, J.P., Tuna, M., Budak, H., Huo, N., Gu, Y.Q., Steinwand, M.A. Development of SSR markers and analysis of diversity in Turkish populations of Brachypodium distachyon. BMC Plant Biology. 9: article no. 88. 2009  link: http://www.biomedcentral.com/content/pdf/1471-2229-9-88.pdf",,,,,,,,,
,,,,,,,,,,,"4 Filiz, E., Ozdemir, B.S., Budak, F., Vogel, J.P., Tuna, M., and Budak, H. Molecular, morphological, and cytological analysis of diverse Brachypodium distachyon inbred lines. Genome 52: 876-890. 2009",,,,,,,,,